{
  "loss": [
    0.003661635098978877,
    0.0027397440280765295,
    0.0025549158453941345,
    0.0025282204151153564,
    0.0024630045518279076,
    0.0024678518529981375,
    0.002428366569802165,
    0.0023513019550591707,
    0.0023960380349308252,
    0.002361336722970009,
    0.0022856511641293764,
    0.0023335800506174564,
    0.0022986019030213356,
    0.002239223336800933,
    0.002288124756887555,
    0.0022708845790475607,
    0.0022846648935228586,
    0.0022073211148381233,
    0.0021805267315357924,
    0.002273833379149437,
    0.002245943993330002,
    0.002190501196309924,
    0.0022069758269935846,
    0.002222781302407384,
    0.002146624494343996,
    0.0022456280421465635,
    0.002138886135071516,
    0.0022122536320239305,
    0.002159231109544635,
    0.0021675967145711184
  ],
  "val_loss": [
    0.0017970824846997857,
    0.0019679300021380186,
    0.002480872441083193,
    0.0019865536596626043,
    0.0021975808776915073,
    0.0017391578294336796,
    0.0022364389151334763,
    0.0018260776996612549,
    0.0017968803877010942,
    0.002168241422623396,
    0.001744892681017518,
    0.001750674215145409,
    0.0017528252210468054,
    0.002037190832197666,
    0.0017434896435588598,
    0.0018895778339356184,
    0.0022898355964571238,
    0.002162976423278451,
    0.001968909287825227,
    0.0018508484354242682,
    0.002117917640134692,
    0.0018679650966078043,
    0.0020433105528354645,
    0.0018144951900467277,
    0.0019275560043752193,
    0.0019482357893139124,
    0.0019507159013301134,
    0.0019129242282360792,
    0.0018965391209349036,
    0.0019193760817870498
  ]
}