{
  "loss": [
    0.0062399269081652164,
    0.004650212824344635,
    0.004304780159145594,
    0.00410816865041852,
    0.0040975711308419704,
    0.003833702765405178,
    0.0038179312832653522,
    0.0037888402584940195,
    0.0037376524414867163,
    0.0037861880846321583,
    0.003680650144815445,
    0.003762251464650035,
    0.0036437346134334803,
    0.0036845989525318146,
    0.0036612837575376034,
    0.003629075363278389,
    0.0036223451606929302,
    0.0036135877016931772,
    0.003597777569666505,
    0.0035404337104409933,
    0.0036138033028692007,
    0.003572362009435892,
    0.0035056965425610542,
    0.003500498365610838,
    0.0035130551550537348,
    0.0035350406542420387,
    0.0034054454881697893,
    0.0034561112988740206,
    0.003403316019102931,
    0.003467168193310499
  ],
  "val_loss": [
    0.0032984036952257156,
    0.003145215567201376,
    0.003174364799633622,
    0.0030361423268914223,
    0.0029113662894815207,
    0.002833450911566615,
    0.0028301288839429617,
    0.002820146968588233,
    0.0029306751675903797,
    0.003250686451792717,
    0.002842559013515711,
    0.0028600674122571945,
    0.002909686416387558,
    0.0027711691800504923,
    0.0029815395828336477,
    0.0029335827566683292,
    0.0036288010887801647,
    0.0034620945807546377,
    0.0028872075490653515,
    0.002948596142232418,
    0.0032445264514535666,
    0.0032292574178427458,
    0.0032107497099786997,
    0.003102651098743081,
    0.003030612599104643,
    0.003125331597402692,
    0.0032643089070916176,
    0.002859510714188218,
    0.003468084614723921,
    0.003565149148926139
  ]
}