{
  "loss": [
    0.006468284409493208,
    0.004482134245336056,
    0.004208569880574942,
    0.003997586667537689,
    0.00394334364682436,
    0.004006474278867245,
    0.003864788915961981,
    0.0038096988573670387,
    0.0038654603995382786,
    0.0037788173649460077,
    0.00379011919721961,
    0.0038053449243307114,
    0.003679140005260706,
    0.003666125936433673,
    0.003632706357166171,
    0.0036121150478720665,
    0.0036628239322453737,
    0.00354352337308228,
    0.003580436808988452,
    0.0036071762442588806,
    0.0035644955933094025,
    0.0035990478936582804,
    0.0035479639191180468,
    0.0035474866162985563,
    0.0035136668011546135,
    0.003486618399620056,
    0.0035069272853434086,
    0.00346973049454391,
    0.0035515688359737396,
    0.003415648592635989
  ],
  "val_loss": [
    0.0037251380272209644,
    0.003069604281336069,
    0.00286001805216074,
    0.0029361320193856955,
    0.0028007777873426676,
    0.0030184059869498014,
    0.0028811448719352484,
    0.003202222753316164,
    0.0029562856070697308,
    0.0032319172751158476,
    0.0028870715759694576,
    0.0028551947325468063,
    0.00326915574260056,
    0.0027693884912878275,
    0.0030211913399398327,
    0.002874070545658469,
    0.0027250812854617834,
    0.002814871957525611,
    0.0030526225455105305,
    0.003055177628993988,
    0.002884327434003353,
    0.002980627352371812,
    0.0028917973395437002,
    0.0029169891495257616,
    0.0033164541237056255,
    0.0030216609593480825,
    0.0028577647171914577,
    0.0029096296057105064,
    0.0030140180606395006,
    0.003153242403641343
  ]
}