{
  "loss": [
    0.0038605055306106806,
    0.0026718948502093554,
    0.0025104170199483633,
    0.0025372544769197702,
    0.002459542825818062,
    0.0024328597355633974,
    0.0024386015720665455,
    0.002396940952166915,
    0.0023781522177159786,
    0.002383684040978551,
    0.00233818800188601,
    0.0023427836131304502,
    0.0023017586208879948,
    0.002258788561448455,
    0.002251129364594817,
    0.002289886586368084,
    0.0022398000583052635,
    0.002229753416031599,
    0.002226994140073657,
    0.0021869265474379063,
    0.0022610612213611603,
    0.002219483256340027,
    0.002218123758211732,
    0.0022128529381006956,
    0.0021747960709035397,
    0.0022007289808243513,
    0.0021623086649924517,
    0.0021493404638022184,
    0.002247442724183202,
    0.002170771127566695
  ],
  "val_loss": [
    0.001760452170856297,
    0.0019434535643085837,
    0.0018495334079489112,
    0.0023412250448018312,
    0.0016813824186101556,
    0.0024043573066592216,
    0.0017376767937093973,
    0.0017701707547530532,
    0.002605440793558955,
    0.0017491907346993685,
    0.0018263602396473289,
    0.00183110183570534,
    0.0017230493249371648,
    0.0018807323649525642,
    0.0016977537889033556,
    0.001690619275905192,
    0.0018105973722413182,
    0.0019306930480524898,
    0.0018427942413836718,
    0.0018308630678802729,
    0.0017783032963052392,
    0.0019403029000386596,
    0.0017491893377155066,
    0.0018677690532058477,
    0.0020729319658130407,
    0.0018462379230186343,
    0.001724638743326068,
    0.0019050443079322577,
    0.0018030103528872132,
    0.0017577243270352483
  ]
}