{
  "loss": [
    0.004311831202358007,
    0.002725832397118211,
    0.002639709273353219,
    0.002515044528990984,
    0.002589458366855979,
    0.0024959214497357607,
    0.0024891705252230167,
    0.002495052060112357,
    0.0023399945348501205,
    0.0024250466376543045,
    0.0023124446161091328,
    0.002432506065815687,
    0.0023563909344375134,
    0.002386632142588496,
    0.0023632170632481575,
    0.002314839046448469,
    0.0023484479170292616,
    0.002336835488677025,
    0.00229777698405087,
    0.002336307195946574,
    0.002201528986915946,
    0.002346611814573407,
    0.0022601133678108454,
    0.0022617713548243046,
    0.002263561123982072
  ],
  "val_loss": [
    0.0016482098726555705,
    0.0017870307201519608,
    0.0018537199357524514,
    0.001904372009448707,
    0.0017000444931909442,
    0.0017558052204549313,
    0.00221930886618793,
    0.001719126245006919,
    0.0017966789891943336,
    0.0017828643321990967,
    0.0022270637564361095,
    0.0018490060465410352,
    0.002057272708043456,
    0.00183833297342062,
    0.0017972162459045649,
    0.0017876288620755076,
    0.0017026899149641395,
    0.00201801978982985,
    0.0019677358213812113,
    0.0016806528437882662,
    0.0019524747040122747,
    0.0019469817634671926,
    0.0020017148926854134,
    0.0018224919913336635,
    0.0017859787913039327
  ]
}