{
  "loss": [
    0.005983660463243723,
    0.004265084862709045,
    0.003988462500274181,
    0.003907228820025921,
    0.0037495798896998167,
    0.003710623597726226,
    0.0037242285907268524,
    0.0037084785290062428,
    0.00364802498370409,
    0.0036620341707021,
    0.0037202681414783,
    0.003644380485638976,
    0.00363240041770041,
    0.0035962085239589214,
    0.00358596327714622,
    0.0035378073807805777,
    0.0035851949360221624,
    0.003564373357221484,
    0.0035636944230645895,
    0.0036082041915506124,
    0.003543742001056671,
    0.0034911776892840862,
    0.0035386322997510433,
    0.003536500036716461,
    0.003506989683955908
  ],
  "val_loss": [
    0.00276119913905859,
    0.0029522133991122246,
    0.0028902203775942326,
    0.0032604672014713287,
    0.0027428632602095604,
    0.002932780422270298,
    0.0030146550852805376,
    0.002672383328899741,
    0.0029569785110652447,
    0.0034516092855483294,
    0.002967720152810216,
    0.0027859194669872522,
    0.002752747619524598,
    0.002861559623852372,
    0.0030215478036552668,
    0.003138537285849452,
    0.0029015205800533295,
    0.002866484457626939,
    0.0027806086000055075,
    0.0029446796979755163,
    0.0030223396606743336,
    0.0030416541267186403,
    0.0030664068181067705,
    0.0027336939238011837,
    0.0031840798910707235
  ]
}