{
  "loss": [
    0.007406108547002077,
    0.004552233032882214,
    0.004159850999712944,
    0.003980386536568403,
    0.003900214796885848,
    0.00386916589923203,
    0.003849415574222803,
    0.003770064329728484,
    0.0037012980319559574,
    0.003713959828019142,
    0.00366183347068727,
    0.003649857360869646,
    0.003641371615231037,
    0.0036371340975165367,
    0.0036384270060807467,
    0.003603295423090458,
    0.003592739114537835,
    0.003557129530236125,
    0.0035866068210452795,
    0.0035152409691363573,
    0.0035072085447609425,
    0.0035473282914608717,
    0.0035163196735084057,
    0.0035061282105743885,
    0.0034980187192559242
  ],
  "val_loss": [
    0.00280570681206882,
    0.002751176944002509,
    0.002675218041986227,
    0.0027022508438676596,
    0.0027445184532552958,
    0.0025994509924203157,
    0.002777382731437683,
    0.0027614335995167494,
    0.0026533054187893867,
    0.002794994506984949,
    0.003092434024438262,
    0.0027211448177695274,
    0.0027140129823237658,
    0.0027908438351005316,
    0.0026761603076010942,
    0.002776100765913725,
    0.0027075877878814936,
    0.003089835634455085,
    0.0027701719664037228,
    0.0027280317153781652,
    0.0025990840513259172,
    0.002729143248870969,
    0.0027261939831078053,
    0.0030879771802574396,
    0.0027237425092607737
  ]
}