{
  "loss": [
    0.004310182761400938,
    0.0028381054289638996,
    0.002734283683821559,
    0.002659168327227235,
    0.002579138381406665,
    0.002559306565672159,
    0.002493805019184947,
    0.0024904825259000063,
    0.002409465378150344,
    0.0024422500282526016,
    0.002415373222902417,
    0.002430475316941738,
    0.002414725022390485,
    0.0023917739745229483,
    0.0024268615525215864,
    0.002392162336036563,
    0.002316336613148451,
    0.002343559404835105,
    0.002335149561986327,
    0.002366844331845641,
    0.0023646121844649315,
    0.0023082459811121225,
    0.0022825964260846376,
    0.0023151086643338203,
    0.002275666920468211
  ],
  "val_loss": [
    0.0018528797663748264,
    0.0018522030441090465,
    0.0021079571451991796,
    0.0018044344615191221,
    0.0019196919165551662,
    0.0019820178858935833,
    0.002036844613030553,
    0.002287990180775523,
    0.002176844049245119,
    0.0020199657883495092,
    0.0018794345669448376,
    0.0018529050284996629,
    0.0019950398709625006,
    0.001913814921863377,
    0.0018536796560510993,
    0.0021723925601691008,
    0.0019260059343650937,
    0.0018871449865400791,
    0.002216793829575181,
    0.0018890794599428773,
    0.00204756623134017,
    0.0018767587607726455,
    0.002023314358666539,
    0.0020125326700508595,
    0.002150171436369419
  ]
}