{
  "loss": [
    0.004827536642551422,
    0.002940586768090725,
    0.0026977502275258303,
    0.002580564469099045,
    0.002546552335843444,
    0.002484674099832773,
    0.0024365864228457212,
    0.0024442856665700674,
    0.0024084572214633226,
    0.0023266279604285955,
    0.002393999369814992,
    0.002324465662240982,
    0.0023137666285037994,
    0.0023273418191820383,
    0.002284771064296365,
    0.0023674818221479654,
    0.0023069726303219795,
    0.0023500812239944935,
    0.002298455685377121,
    0.0022902744822204113,
    0.0022758841514587402,
    0.0023608615156263113,
    0.002255575032904744,
    0.002231485676020384,
    0.0022719567641615868,
    0.002261315006762743,
    0.002246428979560733,
    0.0022323771845549345,
    0.0022287138272076845,
    0.002219856483861804
  ],
  "val_loss": [
    0.0017880916129797697,
    0.001787694520317018,
    0.0021209323313087225,
    0.001889828941784799,
    0.0022101127542555332,
    0.0017759398324415088,
    0.0017801560461521149,
    0.0019927569665014744,
    0.001910650753416121,
    0.0017396833281964064,
    0.001945760566741228,
    0.0017939370591193438,
    0.0025787148624658585,
    0.0018092344980686903,
    0.0018236010801047087,
    0.001704012043774128,
    0.001758085680194199,
    0.0016624955460429192,
    0.002245862502604723,
    0.001703345333226025,
    0.001711535733193159,
    0.0017042465042322874,
    0.0018188179237768054,
    0.001749816699884832,
    0.001968630123883486,
    0.0017496637301519513,
    0.0016716551035642624,
    0.001754306722432375,
    0.002141443081200123,
    0.0020421259105205536
  ]
}