{
  "loss": [
    0.005960092414170504,
    0.0051325601525604725,
    0.004954235162585974,
    0.004960581660270691,
    0.004743550438433886,
    0.004693650174885988,
    0.004727741237729788,
    0.004651008173823357,
    0.004604765679687262,
    0.004593110643327236,
    0.004612239543348551,
    0.00450429692864418,
    0.004447764251381159,
    0.004436507821083069,
    0.004469458479434252,
    0.004468258004635572,
    0.0044110724702477455,
    0.0043636211194098,
    0.00441760616376996,
    0.004365003202110529,
    0.004343327134847641,
    0.00440518232062459,
    0.004348914138972759,
    0.004314583260565996,
    0.004310538060963154,
    0.004320320673286915,
    0.004240668378770351,
    0.004293628502637148,
    0.004284509923309088,
    0.004245591349899769
  ],
  "val_loss": [
    0.003511790418997407,
    0.0033691232092678547,
    0.003663336392492056,
    0.00355358375236392,
    0.0035277281422168016,
    0.0034232717007398605,
    0.0033760664518922567,
    0.003472147975116968,
    0.0035979715175926685,
    0.0032434009481221437,
    0.003812851384282112,
    0.0034046811051666737,
    0.0045250048860907555,
    0.0034464006312191486,
    0.003494360251352191,
    0.0033365527633577585,
    0.00350732053630054,
    0.0035866580437868834,
    0.00352069572545588,
    0.003716185688972473,
    0.0033915252424776554,
    0.0035028690472245216,
    0.0033393441699445248,
    0.0033277622424066067,
    0.003838354954496026,
    0.003301415592432022,
    0.0033879021648317575,
    0.00356785929761827,
    0.003566531930118799,
    0.0034091523848474026
  ]
}