{
  "loss": [
    0.0057100639678537846,
    0.00506590073928237,
    0.004883194342255592,
    0.004764115437865257,
    0.004687974229454994,
    0.004595699720084667,
    0.004645459353923798,
    0.00460940832272172,
    0.004601287189871073,
    0.004507045261561871,
    0.004504494834691286,
    0.00444052554666996,
    0.004535298328846693,
    0.004460873547941446,
    0.004425858613103628,
    0.004382856655865908,
    0.004414175171405077,
    0.004393691197037697,
    0.004458218812942505,
    0.00434059789404273,
    0.004342503380030394,
    0.004327747505158186,
    0.004280980210751295,
    0.004333131946623325,
    0.004306381102651358,
    0.004226887598633766,
    0.004316890146583319,
    0.004281060770153999,
    0.0042682127095758915,
    0.004210815764963627
  ],
  "val_loss": [
    0.0035859784111380577,
    0.0034962412901222706,
    0.003522666171193123,
    0.004162289202213287,
    0.003592089982703328,
    0.0035625712480396032,
    0.003939857706427574,
    0.0035346420481801033,
    0.0036570136435329914,
    0.003776889992877841,
    0.0034186963457614183,
    0.0035905446857213974,
    0.0034676548093557358,
    0.0033180201426148415,
    0.003714663675054908,
    0.003337634727358818,
    0.0034019402228295803,
    0.0033472198992967606,
    0.0032653198577463627,
    0.003481425577774644,
    0.0035519935190677643,
    0.00336188985966146,
    0.0035851302091032267,
    0.003388894721865654,
    0.003414485603570938,
    0.0036019859835505486,
    0.003430679440498352,
    0.003447736846283078,
    0.0032951028551906347,
    0.0035279057919979095
  ]
}