{
  "loss": [
    0.006205682642757893,
    0.004947254434227943,
    0.004815495107322931,
    0.00461041834205389,
    0.004486672580242157,
    0.0042993491515517235,
    0.004256116691976786,
    0.004270561505109072,
    0.004168221727013588,
    0.004104157909750938,
    0.004146470222622156,
    0.004134417977184057,
    0.004081619903445244,
    0.004053962882608175,
    0.003995044156908989,
    0.004016568884253502,
    0.003921618219465017,
    0.003974953666329384,
    0.003955948632210493,
    0.003976656123995781,
    0.003914462402462959,
    0.0038943637628108263,
    0.0038697589188814163,
    0.003825380699709058,
    0.003962784539908171,
    0.0038164921570569277,
    0.00377849955111742,
    0.0037941564805805683,
    0.0037799866404384375,
    0.0038564323913306
  ],
  "val_loss": [
    0.0037890200037509203,
    0.003715796396136284,
    0.0033705292735248804,
    0.003212599316611886,
    0.003194265766069293,
    0.003062883857637644,
    0.003300965065136552,
    0.0033350863959640265,
    0.0033011508639901876,
    0.003175357822328806,
    0.003151676384732127,
    0.0031091689597815275,
    0.002992114285007119,
    0.0032167281024158,
    0.0031700702384114265,
    0.003162914654240012,
    0.003136813174933195,
    0.003295741742476821,
    0.003406067145988345,
    0.003214429598301649,
    0.0031241322867572308,
    0.0032098786905407906,
    0.0032007303088903427,
    0.003504539839923382,
    0.003070293925702572,
    0.003345964942127466,
    0.0030625879298895597,
    0.0030921362340450287,
    0.003308798186480999,
    0.003201261395588517
  ]
}