{
  "loss": [
    0.006586944218724966,
    0.004434238653630018,
    0.004174044821411371,
    0.003999703098088503,
    0.003907734528183937,
    0.0038763999473303556,
    0.0038041905499994755,
    0.0037259452510625124,
    0.003752052318304777,
    0.0036631107795983553,
    0.003676695516332984,
    0.0036211335100233555,
    0.0035800421610474586,
    0.003622869262471795,
    0.003596995724365115,
    0.0035766256041824818,
    0.0036250606644898653,
    0.003494348842650652,
    0.0035376555752009153,
    0.0035743217449635267
  ],
  "val_loss": [
    0.005653622094541788,
    0.005220917984843254,
    0.004915200639516115,
    0.004798327572643757,
    0.005152139347046614,
    0.00463311281055212,
    0.004780740011483431,
    0.0045228577218949795,
    0.00447665061801672,
    0.005031391512602568,
    0.004302652087062597,
    0.004612380173057318,
    0.004470644518733025,
    0.0044475882314145565,
    0.004542067181318998,
    0.004595566540956497,
    0.004330760333687067,
    0.0044937739148736,
    0.004697038792073727,
    0.00449674017727375
  ]
}