{
  "loss": [
    0.009408443234860897,
    0.004797286354005337,
    0.00428538303822279,
    0.004112956114113331,
    0.003922474104911089,
    0.003949062433093786,
    0.0038016585167497396,
    0.0038178067188709974,
    0.003855732036754489,
    0.003698472399264574,
    0.0037381884176284075,
    0.00369528797455132,
    0.003684548893943429,
    0.003645480377599597,
    0.00369452778249979,
    0.0036577400751411915,
    0.0036553465761244297,
    0.003611063351854682,
    0.0036152247339487076,
    0.003577510127797723
  ],
  "val_loss": [
    0.0060494826175272465,
    0.005178340245038271,
    0.0050027328543365,
    0.004847737029194832,
    0.004937395919114351,
    0.004743421450257301,
    0.004592950455844402,
    0.004631299525499344,
    0.004472311120480299,
    0.004446921870112419,
    0.005003936588764191,
    0.004543778486549854,
    0.004407896660268307,
    0.004506763070821762,
    0.0044286055490374565,
    0.004350528586655855,
    0.004266916308552027,
    0.00431415531784296,
    0.004217938985675573,
    0.004624692723155022
  ]
}