{
  "loss": [
    0.004516180604696274,
    0.0030505775939673185,
    0.0027146826032549143,
    0.0025671962648630142,
    0.002512518549337983,
    0.002458147471770644,
    0.0024547225330024958,
    0.002415331546217203,
    0.002414096612483263,
    0.0024306324776262045,
    0.0023874258622527122,
    0.0024027375038713217,
    0.002418860560283065,
    0.002360870596021414,
    0.002359325997531414,
    0.0023865443654358387,
    0.002309727482497692,
    0.0023358461912721395,
    0.002362852916121483,
    0.002324693836271763
  ],
  "val_loss": [
    0.004033637698739767,
    0.0033147234935313463,
    0.0034399235155433416,
    0.002918038284406066,
    0.0029037201311439276,
    0.0028135476168245077,
    0.0028527306858450174,
    0.0027200363110750914,
    0.003023328958079219,
    0.0027570570819079876,
    0.0026713330298662186,
    0.0027745815459638834,
    0.0027179138269275427,
    0.0027180404867976904,
    0.0027147873770445585,
    0.002656932920217514,
    0.0026434261817485094,
    0.0029130710754543543,
    0.002587393159046769,
    0.0026480189990252256
  ]
}