{
  "loss": [
    0.00571819394826889,
    0.0030762513633817434,
    0.0027106304187327623,
    0.0026153374928981066,
    0.0025216699577867985,
    0.00241220835596323,
    0.0024790943134576082,
    0.002469437662512064,
    0.00243596313521266,
    0.0024334886111319065,
    0.0024006576277315617,
    0.00235478556714952,
    0.002365534659475088,
    0.002449721796438098,
    0.0023342648055404425,
    0.0023854540195316076,
    0.002400655997917056,
    0.002357109682634473,
    0.0023253927938640118,
    0.002297588624060154
  ],
  "val_loss": [
    0.004261494148522615,
    0.0032714218832552433,
    0.003066662698984146,
    0.00283745676279068,
    0.0027888522017747164,
    0.0028232731856405735,
    0.002833475125953555,
    0.002839800203219056,
    0.002748167375102639,
    0.0026735737919807434,
    0.002729300642386079,
    0.002719414886087179,
    0.0027872843202203512,
    0.0026945865247398615,
    0.002787873614579439,
    0.0026848851703107357,
    0.0028319554403424263,
    0.0026608328334987164,
    0.0026990987826138735,
    0.0026793142315000296
  ]
}