{
  "loss": [
    0.14311234652996063,
    0.050042834132909775,
    0.03303765133023262,
    0.02719450183212757,
    0.024654222652316093,
    0.023779956623911858,
    0.02313990332186222,
    0.02281714603304863,
    0.02284914255142212,
    0.022583099082112312,
    0.022410349920392036,
    0.02230026386678219,
    0.022421585395932198,
    0.02229071781039238,
    0.022213920950889587,
    0.022157808765769005,
    0.02185550518333912,
    0.021976474672555923,
    0.021853603422641754,
    0.02180757001042366,
    0.021904796361923218,
    0.021577879786491394,
    0.021662302315235138,
    0.02179996855556965,
    0.02174508571624756,
    0.021604860201478004,
    0.021449755877256393,
    0.021635737270116806,
    0.021350720897316933,
    0.021719006821513176
  ],
  "val_loss": [
    0.038011644035577774,
    0.029534338042140007,
    0.024960001930594444,
    0.021775001659989357,
    0.021546024829149246,
    0.020146533846855164,
    0.020231081172823906,
    0.019638000056147575,
    0.02043120376765728,
    0.02013339474797249,
    0.021138984709978104,
    0.019104070961475372,
    0.01924789696931839,
    0.02051345817744732,
    0.02170119434595108,
    0.020053338259458542,
    0.01971929520368576,
    0.01924261450767517,
    0.019710199907422066,
    0.01937657780945301,
    0.020712772384285927,
    0.019550003111362457,
    0.01894676312804222,
    0.02071772702038288,
    0.019758207723498344,
    0.02007276564836502,
    0.019068019464612007,
    0.01908351108431816,
    0.020215440541505814,
    0.02007661946117878
  ]
}