{
  "loss": [
    0.2800348103046417,
    0.07025730609893799,
    0.04417310282588005,
    0.03541823849081993,
    0.03204139694571495,
    0.030548755079507828,
    0.02986060082912445,
    0.029295559972524643,
    0.029540706425905228,
    0.028990788385272026,
    0.029152369126677513,
    0.028371261432766914,
    0.02836025319993496,
    0.028390951454639435,
    0.028269760310649872,
    0.02806811034679413,
    0.028321119025349617,
    0.02813347801566124,
    0.028034714981913567,
    0.027909453958272934,
    0.02802267298102379,
    0.027817724272608757,
    0.02777896635234356,
    0.027748974040150642,
    0.027640236541628838,
    0.027428701519966125,
    0.027064668014645576,
    0.02742554061114788,
    0.02790803089737892,
    0.027596384286880493
  ],
  "val_loss": [
    0.06281203776597977,
    0.03729310631752014,
    0.0321071557700634,
    0.02851780876517296,
    0.028548337519168854,
    0.026010742411017418,
    0.026406578719615936,
    0.025697194039821625,
    0.025839913636446,
    0.02553381212055683,
    0.026288621127605438,
    0.02673877589404583,
    0.02634717896580696,
    0.024303525686264038,
    0.025449125096201897,
    0.0252939872443676,
    0.02519064024090767,
    0.025242680683732033,
    0.026146557182073593,
    0.02765810489654541,
    0.025410333648324013,
    0.027089649811387062,
    0.02733718417584896,
    0.024690385907888412,
    0.02718135342001915,
    0.02468533255159855,
    0.02509246952831745,
    0.02911701239645481,
    0.026092326268553734,
    0.025242816656827927
  ]
}