{
  "loss": [
    0.23477379977703094,
    0.06465573608875275,
    0.04358441010117531,
    0.03561466187238693,
    0.03204946219921112,
    0.030319327488541603,
    0.03004279173910618,
    0.02950337529182434,
    0.02922717109322548,
    0.02889934740960598,
    0.02843666821718216,
    0.0286731980741024,
    0.02800874412059784,
    0.028206337243318558,
    0.02814447320997715,
    0.02801596187055111,
    0.028383534401655197,
    0.02789647877216339,
    0.027669711038470268,
    0.02795518934726715,
    0.02782672829926014,
    0.027574114501476288,
    0.02742157131433487,
    0.02745412290096283,
    0.027529317885637283,
    0.02748248167335987,
    0.02730402536690235,
    0.027130452916026115,
    0.027146361768245697,
    0.027524054050445557
  ],
  "val_loss": [
    0.053155526518821716,
    0.04572603479027748,
    0.03023935854434967,
    0.028340542688965797,
    0.02502010576426983,
    0.02525445818901062,
    0.024354469031095505,
    0.024712881073355675,
    0.024342237040400505,
    0.024208692833781242,
    0.024527249857783318,
    0.026052424684166908,
    0.024368533864617348,
    0.025175515562295914,
    0.025182893499732018,
    0.025986315682530403,
    0.02494243159890175,
    0.02579137496650219,
    0.026657355949282646,
    0.02621266432106495,
    0.024923156946897507,
    0.025573089718818665,
    0.025401867926120758,
    0.025738844648003578,
    0.025516744703054428,
    0.024385428056120872,
    0.02533499337732792,
    0.02403716742992401,
    0.030541755259037018,
    0.024917110800743103
  ]
}