{
  "loss": [
    0.4307790696620941,
    0.12396156042814255,
    0.06932699680328369,
    0.04492303729057312,
    0.03402761369943619,
    0.028825746849179268,
    0.02645764872431755,
    0.024726305156946182,
    0.024036390706896782,
    0.024026544764637947,
    0.02401251345872879,
    0.023284347727894783,
    0.023148532956838608,
    0.0231745894998312,
    0.023097744211554527,
    0.022842608392238617,
    0.022938119247555733,
    0.022867849096655846,
    0.022813307121396065,
    0.02278732880949974,
    0.02234671637415886,
    0.022434331476688385,
    0.02243608608841896,
    0.02250329777598381,
    0.022286307066679,
    0.022568730637431145,
    0.022290481254458427,
    0.02227621152997017,
    0.021955324336886406,
    0.022345317527651787
  ],
  "val_loss": [
    0.09868091344833374,
    0.04577278345823288,
    0.03152456507086754,
    0.02637573517858982,
    0.023313211277127266,
    0.020541924983263016,
    0.019576536491513252,
    0.019116586074233055,
    0.02106701210141182,
    0.0191750917583704,
    0.01899324543774128,
    0.019377103075385094,
    0.018808431923389435,
    0.020188694819808006,
    0.018885662779211998,
    0.019186031073331833,
    0.020170511677861214,
    0.021874217316508293,
    0.019215090200304985,
    0.019801484420895576,
    0.019682276993989944,
    0.018873147666454315,
    0.019278857856988907,
    0.018936827778816223,
    0.018886113539338112,
    0.019376011565327644,
    0.01915188506245613,
    0.019441232085227966,
    0.018885916098952293,
    0.019027620553970337
  ]
}