{
  "loss": [
    0.006539074704051018,
    0.005169787909835577,
    0.004923810716718435,
    0.004764605779200792,
    0.0044445255771279335,
    0.004238645546138287,
    0.004071671050041914,
    0.003991292789578438,
    0.003983208443969488,
    0.0037902924232184887,
    0.003826877800747752,
    0.0038060166407376528,
    0.0037690866738557816,
    0.0037179426290094852,
    0.0036957510747015476,
    0.0036665652878582478,
    0.0036537840496748686,
    0.0035921395756304264,
    0.003610186045989394,
    0.0035086004063487053,
    0.0035472447052598,
    0.0035918643698096275,
    0.0035769834648817778,
    0.003479279112070799,
    0.003447491442784667,
    0.003471777541562915,
    0.003510288428515196,
    0.003345730947330594,
    0.003452308475971222,
    0.003430431243032217
  ],
  "val_loss": [
    0.0038017870392650366,
    0.0033182904589921236,
    0.0034209717996418476,
    0.003223636420443654,
    0.003286245744675398,
    0.0030343197286128998,
    0.0026778248138725758,
    0.002866204362362623,
    0.002726553939282894,
    0.002641902072355151,
    0.00283973291516304,
    0.002762341406196356,
    0.002995051210746169,
    0.0029071697499603033,
    0.002697966294363141,
    0.0027284487150609493,
    0.0026124385185539722,
    0.0028981235809624195,
    0.003464079461991787,
    0.002887437352910638,
    0.002817651256918907,
    0.0029670423828065395,
    0.0027228440158069134,
    0.002723591635003686,
    0.00259982468560338,
    0.0027947344351559877,
    0.002819222863763571,
    0.0032794896978884935,
    0.0027799122035503387,
    0.002846348099410534
  ]
}