{
  "loss": [
    0.007802565582096577,
    0.005340425297617912,
    0.00506940670311451,
    0.004545305855572224,
    0.004322993569076061,
    0.00432960968464613,
    0.004128963220864534,
    0.00391904404386878,
    0.003977962303906679,
    0.003994305152446032,
    0.003921181429177523,
    0.0037899664603173733,
    0.003758668201044202,
    0.003812875133007765,
    0.003760460065677762,
    0.003756236284971237,
    0.0036759935319423676,
    0.003621201729401946,
    0.0035734062548726797,
    0.00354185258038342,
    0.003573930822312832,
    0.003511729184538126,
    0.0034562102518975735,
    0.0034146634861826897,
    0.003402536967769265,
    0.003354722401127219,
    0.003380474401637912,
    0.0033864635042846203,
    0.003279600292444229,
    0.003287143539637327
  ],
  "val_loss": [
    0.0037867079954594374,
    0.0034584642853587866,
    0.0033529140055179596,
    0.002982805483043194,
    0.003305942751467228,
    0.002998373005539179,
    0.0029242534656077623,
    0.0029743786435574293,
    0.0028482975903898478,
    0.0031663195695728064,
    0.002825304865837097,
    0.0025919831823557615,
    0.0031502165365964174,
    0.0034758085384964943,
    0.003154291771352291,
    0.002936774166300893,
    0.002994335489347577,
    0.0028539951890707016,
    0.0029882516246289015,
    0.003068832913413644,
    0.003462653374299407,
    0.0033482476137578487,
    0.003176069352775812,
    0.003331847721710801,
    0.0029945545829832554,
    0.003172735683619976,
    0.0028807970229536295,
    0.003453847486525774,
    0.0030963418539613485,
    0.004493060056120157
  ]
}