{
  "loss": [
    0.007676081731915474,
    0.005607586354017258,
    0.004956125281751156,
    0.0046834382228553295,
    0.004320722073316574,
    0.004225707147270441,
    0.004201257601380348,
    0.004036481026560068,
    0.004136243369430304,
    0.003957624547183514,
    0.003878344316035509,
    0.0038975721690803766,
    0.0038888317067176104,
    0.0037349234335124493,
    0.0038213334046304226,
    0.0037694477941840887,
    0.003853167872875929,
    0.0037632726598531008,
    0.003696888918057084,
    0.003600485622882843,
    0.0035506305284798145,
    0.00357444048859179,
    0.00357256131246686,
    0.0035380031913518906,
    0.0036954444367438555,
    0.003458600491285324,
    0.0035122514236718416,
    0.003420317778363824,
    0.0033493556547909975,
    0.0033246255479753017
  ],
  "val_loss": [
    0.004345497582107782,
    0.003998132422566414,
    0.0031211732421070337,
    0.003095580730587244,
    0.002882816130295396,
    0.0028822082094848156,
    0.0028970998246222734,
    0.004372379742562771,
    0.0029641075525432825,
    0.002868344308808446,
    0.002790240803733468,
    0.002574359765276313,
    0.002855018014088273,
    0.0028927430976182222,
    0.0028486826922744513,
    0.003565825754776597,
    0.0027916927356272936,
    0.0027063493616878986,
    0.002544213319197297,
    0.0032074395567178726,
    0.0027501722797751427,
    0.002713833935558796,
    0.00316032487899065,
    0.00286678783595562,
    0.002908512018620968,
    0.0029495947528630495,
    0.0027141724713146687,
    0.00284563354216516,
    0.003117060987278819,
    0.0029896569903939962
  ]
}