{
  "loss": [
    0.004088254179805517,
    0.003172400174662471,
    0.0029705024790018797,
    0.0030986256897449493,
    0.0027356804348528385,
    0.002891053445637226,
    0.0026659949216991663,
    0.002659720601513982,
    0.0025301151908934116,
    0.002524718176573515,
    0.002466099336743355,
    0.0024382041301578283,
    0.0024542638566344976,
    0.0024592464324086905,
    0.0025469979736953974,
    0.002438570372760296,
    0.0024560706224292517,
    0.0024434716906398535,
    0.0022705127485096455,
    0.0024259716738015413,
    0.0024387147277593613,
    0.0023992685601115227,
    0.0023194593377411366,
    0.0023711579851806164,
    0.002313995501026511,
    0.0023995584342628717,
    0.002332274802029133,
    0.002325810957700014,
    0.0023695107083767653,
    0.002338783349841833
  ],
  "val_loss": [
    0.0021502741146832705,
    0.003211416071280837,
    0.00205214018933475,
    0.002194488886743784,
    0.002039193408563733,
    0.001742023159749806,
    0.0020780896302312613,
    0.002657131291925907,
    0.0018998192390426993,
    0.0017720927717164159,
    0.0017639142461121082,
    0.002025188412517309,
    0.001791326212696731,
    0.0020080506801605225,
    0.0019678061362355947,
    0.0020227718632668257,
    0.0019463358912616968,
    0.0019836651626974344,
    0.0018357535591349006,
    0.0021161327604204416,
    0.0019337672274559736,
    0.0018699945649132133,
    0.0018874895758926868,
    0.0019943928346037865,
    0.001780993421562016,
    0.0018744473345577717,
    0.0020395261235535145,
    0.0020840344950556755,
    0.0016914564184844494,
    0.0022740475833415985
  ]
}