{
  "hybrid": {
    "nse": 0.38189488302413377,
    "r2": 0.38189488302413377,
    "mae": 7.5216874339701585,
    "rmse": 15.756199808835813,
    "bias": -2.6491917038856507
  },
  "bilstm": {
    "nse": 0.6266559084593442,
    "r2": 0.6266559084593442,
    "mae": 5.468908842329688,
    "rmse": 12.240760142828384,
    "bias": -4.05479233840924
  },
  "gru": {
    "nse": 0.7300484277325034,
    "r2": 0.7300484277325034,
    "mae": 5.206816408051006,
    "rmse": 10.408704454671227,
    "bias": -0.6090644015776954
  },
  "transformer": {
    "nse": 0.11271391056673641,
    "r2": 0.11271391056673641,
    "mae": 8.795276688108105,
    "rmse": 18.881446538890316,
    "bias": -7.959765126002813
  },
  "lstm": {
    "nse": 0.7236949383432144,
    "r2": 0.7236949383432144,
    "mae": 5.460220681647105,
    "rmse": 10.53047998791031,
    "bias": -0.036518353126926854
  },
  "tcn": {
    "nse": 0.5619401620874808,
    "r2": 0.5619401620874808,
    "mae": 5.818332966026989,
    "rmse": 13.259295996175005,
    "bias": -3.6865485189815748
  },
  "hybrid_1d": {
    "nse": 0.7347683255483892,
    "r2": 0.7347683255483892,
    "mae": 5.581387985198304,
    "rmse": 10.317309059953619,
    "bias": 0.2702382845459705
  },
  "hybrid_7d": {
    "nse": 0.3644857134721492,
    "r2": 0.3644857134721492,
    "mae": 7.52634502803724,
    "rmse": 15.976548758463299,
    "bias": -3.432908135580037
  },
  "hybrid_14d": {
    "nse": 0.4080938017214303,
    "r2": 0.4080938017214303,
    "mae": 7.034418020329454,
    "rmse": 15.421615495497742,
    "bias": -4.227331164089734
  },
  "bilstm_1d": {
    "nse": 0.7158851361381249,
    "r2": 0.7158851361381249,
    "mae": 5.14770958683401,
    "rmse": 10.678265732163801,
    "bias": -1.0346277136631212
  },
  "bilstm_7d": {
    "nse": 0.33153230741876094,
    "r2": 0.33153230741876094,
    "mae": 7.662237967286201,
    "rmse": 16.38553105140801,
    "bias": -6.11498762145156
  },
  "bilstm_14d": {
    "nse": 0.25402464023394167,
    "r2": 0.25402464023394167,
    "mae": 8.060252654894702,
    "rmse": 17.312734467096753,
    "bias": -6.300174296399243
  },
  "gru_1d": {
    "nse": 0.7125804179109831,
    "r2": 0.7125804179109831,
    "mae": 5.511318908922668,
    "rmse": 10.740188989679597,
    "bias": 0.0487502118775678
  },
  "gru_7d": {
    "nse": 0.5253890153753147,
    "r2": 0.5253890153753147,
    "mae": 6.79563126273221,
    "rmse": 13.806678208415061,
    "bias": -1.7472175921395983
  },
  "gru_14d": {
    "nse": 0.35633497710136375,
    "r2": 0.35633497710136375,
    "mae": 7.160115723303955,
    "rmse": 16.081752789861095,
    "bias": -5.23049438055202
  },
  "transformer_1d": {
    "nse": 0.6930845126243756,
    "r2": 0.6930845126243756,
    "mae": 5.312323163838932,
    "rmse": 11.098470927452187,
    "bias": -1.5690560386246288
  },
  "transformer_7d": {
    "nse": 0.46795140422930437,
    "r2": 0.46795140422930437,
    "mae": 7.2326592247731885,
    "rmse": 14.618269384773601,
    "bias": -2.2320373448106525
  },
  "transformer_14d": {
    "nse": 0.5003130932250408,
    "r2": 0.5003130932250408,
    "mae": 7.526616034332108,
    "rmse": 14.16943103448293,
    "bias": 0.0015106544975322777
  },
  "lstm_1d": {
    "nse": 0.7269222769840662,
    "r2": 0.7269222769840662,
    "mae": 5.25967276594207,
    "rmse": 10.468799523223169,
    "bias": -1.0318835389362033
  },
  "lstm_7d": {
    "nse": 0.536627830713841,
    "r2": 0.536627830713841,
    "mae": 6.802297655816502,
    "rmse": 13.642227358372656,
    "bias": -2.113121259994828
  },
  "lstm_14d": {
    "nse": 0.5236253234130472,
    "r2": 0.5236253234130472,
    "mae": 6.709923575737632,
    "rmse": 13.834955300023855,
    "bias": -2.0390355044423645
  },
  "tcn_1d": {
    "nse": 0.6948037669159133,
    "r2": 0.6948037669159133,
    "mae": 5.036884297814613,
    "rmse": 11.067342015104396,
    "bias": -2.116238616666268
  },
  "tcn_7d": {
    "nse": 0.4649813955319717,
    "r2": 0.4649813955319717,
    "mae": 6.586742347052521,
    "rmse": 14.659013751171672,
    "bias": -4.292487506004271
  },
  "tcn_14d": {
    "nse": 0.35967915334222944,
    "r2": 0.35967915334222944,
    "mae": 7.16203846201035,
    "rmse": 16.039921829801113,
    "bias": -5.725404864783876
  }
}