{
  "hybrid": {
    "nse": 0.38189488302413377,
    "r2": 0.38189488302413377,
    "mae": 7.5216874339701585,
    "rmse": 15.756199808835813,
    "bias": -2.6491917038856507
  },
  "bilstm": {
    "nse": 0.6266559084593442,
    "r2": 0.6266559084593442,
    "mae": 5.468908842329688,
    "rmse": 12.240760142828384,
    "bias": -4.05479233840924
  },
  "gru": {
    "nse": 0.7300484277325034,
    "r2": 0.7300484277325034,
    "mae": 5.206816408051006,
    "rmse": 10.408704454671227,
    "bias": -0.6090644015776954
  },
  "transformer": {
    "nse": 0.11271391056673641,
    "r2": 0.11271391056673641,
    "mae": 8.795276688108105,
    "rmse": 18.881446538890316,
    "bias": -7.959765126002813
  },
  "lstm": {
    "nse": 0.7236949383432144,
    "r2": 0.7236949383432144,
    "mae": 5.460220681647105,
    "rmse": 10.53047998791031,
    "bias": -0.036518353126926854
  },
  "tcn": {
    "nse": 0.5619401620874808,
    "r2": 0.5619401620874808,
    "mae": 5.818332966026989,
    "rmse": 13.259295996175005,
    "bias": -3.6865485189815748
  }
}